study_id,sample_id,var1,var2,r,n,overlap_group,group
s1,sample0,X2,X1,0.12,169,,Alpha
s1,sample0,Y,X1,0.2432,169,,Alpha
s1,sample0,Y,X2,0.384,169,,Alpha
s1,sample1,X2,X1,0.137,160,,Alpha
s1,sample1,Y,X1,0.265676,160,,Alpha
s1,sample1,Y,X2,0.377866,160,,Alpha
s2,sample2,X2,X1,0.154,175,,Alpha
s2,sample2,Y,X1,0.287744,175,,Alpha
s2,sample2,Y,X2,0.372344,175,,Alpha
s3,sample3,X2,X1,0.171,190,,Alpha
s3,sample3,Y,X1,0.309404,190,,Alpha
s3,sample3,Y,X2,0.367434,190,,Alpha
s4,sample4,X2,X1,0.12,205,,Alpha
s4,sample4,Y,X1,0.30944,205,,Alpha
s4,sample4,Y,X2,0.34464,205,,Alpha
s5,sample5,X2,X1,0.137,220,,Beta
s5,sample5,Y,X1,0.3311,220,,Beta
s5,sample5,Y,X2,0.33973,220,,Beta
s5,sample6,X2,X1,0.154,169,,Beta
s5,sample6,Y,X1,0.352352,169,,Beta
s5,sample6,Y,X2,0.335432,169,,Beta
s6,sample7,X2,X1,0.171,250,,Beta
s6,sample7,Y,X1,0.373196,250,,Beta
s6,sample7,Y,X2,0.331746,250,,Beta
s7,sample8,X2,X1,0.12,265,,Beta
s7,sample8,Y,X1,0.37568,265,,Beta
s7,sample8,Y,X2,0.30528,265,,Beta
s8,sample9,X2,X1,0.137,280,,Beta
s8,sample9,Y,X1,0.396524,280,,Beta
s8,sample9,Y,X2,0.301594,280,,Beta
